--Drop everything
drop table EQUIPMENTRENTLOG cascade constraints;                                
drop table ATTENDS cascade constraints;                                         
drop table STAFFS cascade constraints;                                          
drop table CHECKSOUT cascade constraints;                                       
drop table CHECKOUTLOG cascade constraints;                                     
drop table RETURNLOG cascade constraints;                                       
drop table ROOMRESERVATION cascade constraints;                                 
drop table EVENTS cascade constraints;                                          
drop table EMPLOYEES cascade constraints;                                       
drop table USERQUERY cascade constraints;                                       
drop table EMPLOYEEQUERY cascade constraints;                                              
drop table CARDHOLDER cascade constraints;                                      
drop table BOOKS cascade constraints;                                           
DROP USER CARDHOLDER1;
DROP USER EMPLOYEEQUERY;
DROP ROLE CARDHOLDERROLE;
DROP ROLE EMPLOYEEROLE;

--Create and populate tables
CREATE TABLE CARDHOLDER
   (	ID NUMBER(*,0),
	NAME VARCHAR2(100),
	ADDRESS VARCHAR2(100),
	PHONENUMBER NUMBER(*,0),
	FEE FLOAT(126),
	CHECK (FEE >= 0),
	 PRIMARY KEY (ID));

INSERT INTO CARDHOLDER VALUES
(3055, 'name5', 'address5', 642530431, 5);
INSERT INTO CARDHOLDER VALUES
(3066, 'name6', 'address6', 325034200, 5);
INSERT INTO CARDHOLDER VALUES
(3000, 'name0', 'address0', 897507907, 5);
INSERT INTO CARDHOLDER VALUES
(3011, 'name1', 'address1', 502504838, 5);
INSERT INTO CARDHOLDER VALUES
(3022, 'name2', 'address2', 271990739, 5);
INSERT INTO CARDHOLDER VALUES
(3033, 'name3', 'address3', 155645687, 5);
INSERT INTO CARDHOLDER VALUES
(3044, 'name4', 'address4', 62146607, 5);

CREATE TABLE BOOKS
   (	ISBN NUMBER(*,0),
	TITLE VARCHAR2(100),
	AUTHOR VARCHAR2(100),
	GENRE VARCHAR2(100),
	PRICE FLOAT(126),
	 PRIMARY KEY (ISBN));
INSERT INTO BOOKS VALUES
('1233456763', 'stolen'              , 'Tony'                , 'novel'                   ,     25);
INSERT INTO BOOKS VALUES                                                           
('1296708175', 'Harry Potter'        , 'J. K. Rowling'       , 'science fiction'         ,  26.13);
INSERT INTO BOOKS VALUES                                                          
('1387123837', 'apples'              , 'Jojo Moyes'          , 'Horror'                  ,  21.82);
INSERT INTO BOOKS VALUES                                                         
('0100379262', 'home'                , 'Bella Forrest'       , 'short stories'           ,  21.85);
INSERT INTO BOOKS VALUES                                                        
('1100379262', 'wild ideas'          , 'Dot Hutchison'       , 'Humor'                   ,  17.05);
INSERT INTO BOOKS VALUES                                                       
('1705285443', 'security'            , 'James Patterson'     , 'narrative'               ,  24.01);
INSERT INTO BOOKS VALUES                                                      
('1328376135', 'hunger game'         , 'Matthew Norman'      , 'novel'                   ,  20.26);
INSERT INTO BOOKS VALUES                                                     
('1516668678', '1974'                , 'Robert Dugoni'       , 'science fiction'         ,  25.68);
INSERT INTO BOOKS VALUES                                                     
('1876963468', 'The Stars My Destination'                , 'Albert Bester'       , 'science fiction'         ,  14.99);

CREATE TABLE EMPLOYEEQUERY
( TRACKINGNUMBER NUMBER(*,0),
  ISBN NUMBER(*,0),
  FOREIGN KEY (ISBN) REFERENCES BOOKS ON DELETE CASCADE,
  PRIMARY KEY (TRACKINGNUMBER));
INSERT INTO EMPLOYEEQUERY VALUES
(1008, '1233456763');
INSERT INTO EMPLOYEEQUERY VALUES
(1000, '1296708175');
INSERT INTO EMPLOYEEQUERY VALUES
(1001, '1387123837');
INSERT INTO EMPLOYEEQUERY VALUES
(1002, '0100379262');
INSERT INTO EMPLOYEEQUERY VALUES
(1003, '1100379262');
INSERT INTO EMPLOYEEQUERY VALUES
(1004, '1705285443');
INSERT INTO EMPLOYEEQUERY VALUES
(1005, '1328376135');
INSERT INTO EMPLOYEEQUERY VALUES
(1006, '1516668678');
INSERT INTO EMPLOYEEQUERY VALUES
(1009, '1876963468');

CREATE TABLE USERQUERY
   (	TITLE VARCHAR2(100),
	AUTHOR VARCHAR2(100),
	ISBN NUMBER(*,0),
	FOREIGN KEY (ISBN) REFERENCES BOOKS ON DELETE CASCADE,
	 PRIMARY KEY (TITLE, AUTHOR));
INSERT INTO USERQUERY VALUES
('stolen'              , 'Tony'                   , '1233456763');
INSERT INTO USERQUERY VALUES
('Harry Potter'        , 'J. K. Rowling'          , '1296708175');
INSERT INTO USERQUERY VALUES
('apples'              , 'Jojo Moyes'             , '1387123837');
INSERT INTO USERQUERY VALUES
('home'                , 'Bella Forrest'          , '0100379262');
INSERT INTO USERQUERY VALUES
('wild ideas'          , 'Dot Hutchison'          , '1100379262');
INSERT INTO USERQUERY VALUES
('security'            , 'James Patterson'        , '1705285443');
INSERT INTO USERQUERY VALUES
('hunger game'         , 'Matthew Norman'         , '1328376135');
INSERT INTO USERQUERY VALUES
('1974'                , 'Robert Dugoni'          , '1516668678');
INSERT INTO USERQUERY VALUES
('The Stars My Destination'                , 'Albert Bester'          , '1876963468');

 CREATE TABLE EMPLOYEES
   (	ID NUMBER(*,0),
	NAME VARCHAR2(100),
	 PRIMARY KEY (ID));
INSERT INTO EMPLOYEES VALUES
(500, 'name0');
INSERT INTO EMPLOYEES VALUES
(501, 'name1');
INSERT INTO EMPLOYEES VALUES
(502, 'name2');
INSERT INTO EMPLOYEES VALUES
(503, 'name3');
INSERT INTO EMPLOYEES VALUES
(504, 'name4');
INSERT INTO EMPLOYEES VALUES
(505, 'name5');
INSERT INTO EMPLOYEES VALUES
(506, 'name6');

  CREATE TABLE EVENTS
   (	STARTTIME TIMESTAMP (6),
	ENDTIME TIMESTAMP (6),
	NAME VARCHAR2(100),
	DESCRIPTION VARCHAR2(1000),
	 PRIMARY KEY (STARTTIME, NAME),
	 CHECK (ENDTIME > STARTTIME));
INSERT INTO EVENTS VALUES
(TIMESTAMP '2015-09-04 14:00:00.000000', TIMESTAMP '2015-09-04 15:00:00.000000', 'event2','Book sale 2015');
INSERT INTO EVENTS VALUES
(TIMESTAMP '2015-09-02 12:00:00.000000', TIMESTAMP '2015-09-02 13:00:00.000000', 'event0','Book sale 2015');
INSERT INTO EVENTS VALUES
(TIMESTAMP '2015-09-03 13:00:00.000000', TIMESTAMP '2015-09-03 14:00:00.000000', 'event1','Book sale 2015');
INSERT INTO EVENTS VALUES
(TIMESTAMP '2016-08-20 12:00:00.000000', TIMESTAMP '2016-09-02 13:00:00.000000', 'event0','Book sale');
INSERT INTO EVENTS VALUES
(TIMESTAMP '2016-08-21 13:00:00.000000', TIMESTAMP '2016-09-03 14:00:00.000000', 'event1','Book sale');
INSERT INTO EVENTS VALUES
(TIMESTAMP '2016-08-22 14:00:00.000000', TIMESTAMP '2016-09-04 15:00:00.000000', 'event2','Book sale');
INSERT INTO EVENTS VALUES
(TIMESTAMP '2016-08-23 15:00:00.000000', TIMESTAMP '2016-09-05 16:00:00.000000', 'event3','Book sale');
INSERT INTO EVENTS VALUES
(TIMESTAMP '2016-08-24 16:00:00.000000', TIMESTAMP '2016-09-06 17:00:00.000000', 'event4','Book sale');
INSERT INTO EVENTS VALUES
(TIMESTAMP '2016-08-25 17:00:00.000000', TIMESTAMP '2016-09-07 18:00:00.000000', 'event5','Book sale');
INSERT INTO EVENTS VALUES
(TIMESTAMP '2016-08-26 18:00:00.000000', TIMESTAMP '2016-09-08 19:00:00.000000', 'event6','Book sale');

  CREATE TABLE ROOMRESERVATION
   (	RDATE TIMESTAMP (6),
	ROOMNUMBER NUMBER(*,0),
	ID NUMBER(*,0),
	FOREIGN KEY (ID) REFERENCES CARDHOLDER,
	 PRIMARY KEY (ID, RDATE));
INSERT INTO ROOMRESERVATION VALUES
(TIMESTAMP '16-08-20 12:00:00.000000', 11, 3000);
INSERT INTO ROOMRESERVATION VALUES
(TIMESTAMP '16-08-21 12:00:00.000000', 12, 3011);
INSERT INTO ROOMRESERVATION VALUES
(TIMESTAMP '16-08-22 12:00:00.000000', 13, 3022);
INSERT INTO ROOMRESERVATION VALUES
(TIMESTAMP '16-08-23 12:00:00.000000', 14, 3033);
INSERT INTO ROOMRESERVATION VALUES
(TIMESTAMP '16-08-24 12:00:00.000000', 15, 3044);

  CREATE TABLE CHECKOUTLOG
   (	ID NUMBER(*,0),
	CDATE TIMESTAMP (6),
	 PRIMARY KEY (ID));
INSERT INTO CHECKOUTLOG VALUES
(100, TIMESTAMP '16-08-20 12:00:00.000000');
INSERT INTO CHECKOUTLOG VALUES
(101, TIMESTAMP '16-08-21 12:00:00.000000');
INSERT INTO CHECKOUTLOG VALUES
(102, TIMESTAMP '16-08-22 12:00:00.000000');
INSERT INTO CHECKOUTLOG VALUES
(103, TIMESTAMP '16-08-23 12:00:00.000000');
INSERT INTO CHECKOUTLOG VALUES
(104, TIMESTAMP '16-08-24 12:00:00.000000');
INSERT INTO CHECKOUTLOG VALUES
(105, TIMESTAMP '16-08-25 12:00:00.000000');
INSERT INTO CHECKOUTLOG VALUES
(106, TIMESTAMP '16-08-26 12:00:00.000000');

  CREATE TABLE RETURNLOG
   (	ID NUMBER(*,0),
	RDATE TIMESTAMP (6),
	FOREIGN KEY (ID) REFERENCES CHECKOUTLOG,
	 PRIMARY KEY (ID, RDATE));
INSERT INTO RETURNLOG VALUES
(100, TIMESTAMP '16-09-01 12:00:00.000000');
INSERT INTO RETURNLOG VALUES
(101, TIMESTAMP '16-09-02 12:00:00.000000');
INSERT INTO RETURNLOG VALUES
(102, TIMESTAMP '16-09-03 12:00:00.000000');
INSERT INTO RETURNLOG VALUES
(103, TIMESTAMP '16-09-04 12:00:00.000000');
INSERT INTO RETURNLOG VALUES
(104, TIMESTAMP '16-09-05 12:00:00.000000');
INSERT INTO RETURNLOG VALUES
(105, TIMESTAMP '16-09-06 12:00:00.000000');
INSERT INTO RETURNLOG VALUES
(106, TIMESTAMP '16-09-07 12:00:00.000000');

  CREATE TABLE CHECKSOUT
   (	ID NUMBER(*,0),
	CARDHOLDERID NUMBER(*,0),
	TRACKINGNUMBER NUMBER(*,0),
	FOREIGN KEY (CARDHOLDERID) REFERENCES CARDHOLDER,
	FOREIGN KEY (TRACKINGNUMBER) REFERENCES EMPLOYEEQUERY,
	FOREIGN KEY (ID) REFERENCES CHECKOUTLOG,
	 PRIMARY KEY (CARDHOLDERID, TRACKINGNUMBER));
INSERT INTO CHECKSOUT VALUES
(100, 3000, 1000);
INSERT INTO CHECKSOUT VALUES
(101, 3011, 1001);
INSERT INTO CHECKSOUT VALUES
(102, 3022, 1002);
INSERT INTO CHECKSOUT VALUES
(103, 3033, 1003);
INSERT INTO CHECKSOUT VALUES
(104, 3044, 1004);
INSERT INTO CHECKSOUT VALUES
(105, 3055, 1005);
INSERT INTO CHECKSOUT VALUES
(106, 3066, 1006);

  CREATE TABLE STAFFS
   (	ID NUMBER(*,0),
	STARTTIME TIMESTAMP (6),
	NAME VARCHAR2(100),
	FOREIGN KEY (ID) REFERENCES EMPLOYEES,
	FOREIGN KEY (STARTTIME, NAME) REFERENCES EVENTS,
	 PRIMARY KEY (ID, STARTTIME, NAME));
INSERT INTO STAFFS VALUES
(500, TIMESTAMP '2016-08-20 12:00:00.000000', 'event0');
INSERT INTO STAFFS VALUES
(501, TIMESTAMP '2016-08-21 13:00:00.000000', 'event1');
INSERT INTO STAFFS VALUES
(502, TIMESTAMP '2016-08-22 14:00:00.000000', 'event2');
INSERT INTO STAFFS VALUES
(503, TIMESTAMP '2016-08-23 15:00:00.000000', 'event3');
INSERT INTO STAFFS VALUES
(504, TIMESTAMP '2016-08-24 16:00:00.000000', 'event4');
INSERT INTO STAFFS VALUES
(505, TIMESTAMP '2016-08-25 17:00:00.000000', 'event5');
INSERT INTO STAFFS VALUES
(506, TIMESTAMP '2016-08-26 18:00:00.000000', 'event6');

  CREATE TABLE ATTENDS
   (	ID NUMBER(*,0),
	NAME VARCHAR2(100),
	STARTTIME TIMESTAMP (6),
	FOREIGN KEY (ID) REFERENCES CARDHOLDER,
	FOREIGN KEY (STARTTIME, NAME) REFERENCES EVENTS,
	 PRIMARY KEY (ID, NAME, STARTTIME));
INSERT INTO ATTENDS VALUES
(3000, 'event0', TIMESTAMP '2016-08-20 12:00:00.000000');
INSERT INTO ATTENDS VALUES
(3011, 'event1', TIMESTAMP '2016-08-21 13:00:00.000000');
INSERT INTO ATTENDS VALUES
(3022, 'event2', TIMESTAMP '2016-08-22 14:00:00.000000');
INSERT INTO ATTENDS VALUES
(3033, 'event3', TIMESTAMP '2016-08-23 15:00:00.000000');
INSERT INTO ATTENDS VALUES
(3044, 'event4', TIMESTAMP '2016-08-24 16:00:00.000000');
INSERT INTO ATTENDS VALUES
(3055, 'event5', TIMESTAMP '2016-08-25 17:00:00.000000');
INSERT INTO ATTENDS VALUES
(3066, 'event6', TIMESTAMP '2016-08-26 18:00:00.000000');
INSERT INTO ATTENDS VALUES
(3000, 'event1', TIMESTAMP '2016-08-21 13:00:00.000000');

  CREATE TABLE EQUIPMENTRENTLOG
   (	ID NUMBER(*,0),
	EDATE TIMESTAMP (6),
	EQUIPMENTID NUMBER(*,0),
	FOREIGN KEY (ID) REFERENCES CARDHOLDER,
	 PRIMARY KEY (ID, EDATE, EQUIPMENTID));
INSERT INTO EQUIPMENTRENTLOG VALUES
(3000, TIMESTAMP '2016-05-20 12:00:00.000000', 303);
INSERT INTO EQUIPMENTRENTLOG VALUES
(3011, TIMESTAMP '2016-05-21 12:00:00.000000', 303);
INSERT INTO EQUIPMENTRENTLOG VALUES
(3022, TIMESTAMP '2016-05-22 12:00:00.000000', 303);
INSERT INTO EQUIPMENTRENTLOG VALUES
(3033, TIMESTAMP '2016-05-23 12:00:00.000000', 303);
INSERT INTO EQUIPMENTRENTLOG VALUES
(3044, TIMESTAMP '2016-05-24 12:00:00.000000', 303);
INSERT INTO EQUIPMENTRENTLOG VALUES
(3055, TIMESTAMP '2016-05-25 12:00:00.000000', 303);
INSERT INTO EQUIPMENTRENTLOG VALUES
(3066, TIMESTAMP '2016-05-26 12:00:00.000000', 303);

--Create roles
CREATE ROLE CARDHOLDERROLE;
GRANT SELECT, INSERT, DELETE, UPDATE ON CARDHOLDER TO CARDHOLDERROLE;
GRANT SELECT, INSERT, UPDATE ON BOOKS TO CARDHOLDERROLE;
GRANT SELECT, INSERT, UPDATE ON USERQUERY TO CARDHOLDERROLE;
GRANT SELECT, INSERT, UPDATE ON RETURNLOG TO CARDHOLDERROLE;
GRANT SELECT, INSERT, UPDATE ON CHECKOUTLOG TO CARDHOLDERROLE;
GRANT SELECT, INSERT, UPDATE ON CHECKSOUT TO CARDHOLDERROLE;
GRANT SELECT, INSERT, DELETE, UPDATE ON ATTENDS TO CARDHOLDERROLE;
GRANT SELECT, INSERT, DELETE, UPDATE ON EQUIPMENTRENTLOG TO CARDHOLDERROLE;
GRANT SELECT ON EVENTS TO CARDHOLDERROLE;
GRANT SELECT ON EMPLOYEEQUERY TO CARDHOLDERROLE;

CREATE ROLE EMPLOYEEROLE;
GRANT SELECT, INSERT, DELETE, UPDATE ON CARDHOLDER TO EMPLOYEEROLE;
GRANT SELECT, INSERT, DELETE, UPDATE ON BOOKS TO EMPLOYEEROLE;
GRANT SELECT, INSERT, DELETE, UPDATE ON EMPLOYEEQUERY TO EMPLOYEEROLE;
GRANT SELECT, INSERT, DELETE, UPDATE ON USERQUERY TO EMPLOYEEROLE;
GRANT SELECT, INSERT, DELETE, UPDATE ON EMPLOYEES TO EMPLOYEEROLE;
GRANT SELECT, INSERT, DELETE, UPDATE ON EVENTS TO EMPLOYEEROLE;
GRANT SELECT, INSERT, DELETE, UPDATE ON ROOMRESERVATION TO EMPLOYEEROLE;
GRANT SELECT, INSERT, DELETE, UPDATE ON RETURNLOG TO EMPLOYEEROLE;
GRANT SELECT, INSERT, DELETE, UPDATE ON CHECKOUTLOG TO EMPLOYEEROLE;
GRANT SELECT, INSERT, DELETE, UPDATE ON CHECKSOUT TO EMPLOYEEROLE;
GRANT SELECT, INSERT, DELETE, UPDATE ON STAFFS TO EMPLOYEEROLE;
GRANT SELECT, INSERT, DELETE, UPDATE ON ATTENDS TO EMPLOYEEROLE;
GRANT SELECT, INSERT, DELETE, UPDATE ON EQUIPMENTRENTLOG TO EMPLOYEEROLE;

--Create users
GRANT CREATE SESSION, CARDHOLDERROLE TO Cardholder1 IDENTIFIED BY test123;
GRANT CREATE SESSION, EMPLOYEEROLE TO Employee1 IDENTIFIED BY test321;

--Trigger: When checksout gets an insert, timestamp and ID into checkoutlog
CREATE TRIGGER CHECKOUT_TIMESTAMP
AFTER INSERT ON CHECKSOUT
FOR EACH ROW
BEGIN
INSERT INTO CHECKOUTLOG
VALUES(:NEW.ID, TO_TIMESTAMP(LOCALTIMESTAMP));
END;
/

--Trigger: When checksout gets an insert, make sure the id isn't already in use.
CREATE OR REPLACE TRIGGER CHECKOUT_ID
BEFORE INSERT OR UPDATE ON CHECKSOUT
FOR EACH ROW
DECLARE
  TMP number;
BEGIN
SELECT COUNT(*)
  INTO TMP
  FROM (SELECT ID FROM CHECKOUTLOG C WHERE C.ID = :NEW.ID);
IF (TMP > 0)
THEN
  RAISE_APPLICATION_ERROR(-20001, 'CHECKOUT ID IN USE');
END IF;
END;
/